<CMsRemoveSnakes>

	<csv xpath="/entitygroups/entitygroup[@name='EnemyAnimalsBurntForestAny']/text()" delim="\n" op="remove">
		animalSnake, 5
	</csv>

	<csv xpath="/entitygroups/entitygroup[@name='EnemyAnimalsDesert']/text()" delim="\n" op="remove">
		animalSnake, 5
	</csv>

	<csv xpath="/entitygroups/entitygroup[@name='EnemyAnimalsForest']/text()" delim="\n" op="remove">
		animalSnake, 5
	</csv>

	<csv xpath="/entitygroups/entitygroup[@name='EnemyAnimalsWasteland']/text()" delim="\n" op="remove">
		animalSnake, 10
	</csv>

	<csv xpath="/entitygroups/entitygroup[@name='SnakeGroup']/text()" delim="\n" op="remove">
		animalSnake
	</csv>

	<csv xpath="/entitygroups/entitygroup[@name='SnakeGroup']/text()" delim="\n" op="add">
		zombiePartyGirl
	</csv>

	<csv xpath="/entitygroups/entitygroup[@name='animalSnake']/text()" delim="\n" op="remove">
		animalSnake
	</csv>

	<csv xpath="/entitygroups/entitygroup[@name='animalSnake']/text()" delim="\n" op="add">
		zombiePartyGirl
	</csv>

</CMsRemoveSnakes>